Workbook

Sheet Prescriptions Entry
A1: Hospital Daily Prescription Tracker
A3: Date | B3: Ticket No / Patient ID | C3: Drug Name | D3: Dose (ml/g/Nos) | E3: Frequency (Times/Day) | F3: Days | G3: Total Qty Used | H3: Unit Price | I3: Total Cost (LKR)
A4: 2026-07-07 | B4: TKT-101 | C4: Aswakantha Arista | D4: 15 | E4: 2 | F4: 3 | G4: =D4*E4*F4 -> 90 | H4: =VLOOKUP(C4, 'Drug Database'!A:C, 3, FALSE) -> #N/A | I4: =G4*H4 -> #N/A
A5: 2026-07-07 | B5: TKT-102 | C5: Aswakantha Arista | D5: 15 | E5: 2 | F5: 3 | G5: =D5*E5*F5 -> 90 | H5: =VLOOKUP(C5, 'Drug Database'!A:C, 3, FALSE) -> #N/A | I5: =G5*H5 -> #N/A
A6: 2026-07-07 | B6: TKT-103 | C6: Aswakantha Arista | D6: 15 | E6: 2 | F6: 3 | G6: =D6*E6*F6 -> 90 | H6: =VLOOKUP(C6, 'Drug Database'!A:C, 3, FALSE) -> #N/A | I6: =G6*H6 -> #N/A
A7: 2026-07-07 | B7: TKT-104 | C7: Aswakantha Arista | D7: 15 | E7: 2 | F7: 3 | G7: =D7*E7*F7 -> 90 | H7: =VLOOKUP(C7, 'Drug Database'!A:C, 3, FALSE) -> #N/A | I7: =G7*H7 -> #N/A
A8: 2026-07-07 | B8: 234 | C8: Aswakantha Arista | D8: 15 | E8: 2 | F8: 3 | G8: =D8*E8*F8 -> 90 | H8: =VLOOKUP(C8, 'Drug Database'!A:C, 3, FALSE) -> #N/A | I8: =G8*H8 -> #N/A
A9: 2026-07-07 | B9: 234 | C9: Y.R.G | D9: 2 | E9: 2 | F9: 3 | G9: =D9*E9*F9 -> 12 | H9: =VLOOKUP(C9, 'Drug Database'!A:C, 3, FALSE) -> #N/A | I9: =G9*H9 -> #N/A
G10: =D10*E10*F10 -> 0 | H10: =VLOOKUP(C10, 'Drug Database'!A:C, 3, FALSE) -> #N/A | I10: =G10*H10 -> #N/A
G11: =D11*E11*F11 -> 0 | H11: =VLOOKUP(C11, 'Drug Database'!A:C, 3, FALSE) -> #N/A | I11: =G11*H11 -> #N/A
G12: =D12*E12*F12 -> 0 | H12: =VLOOKUP(C12, 'Drug Database'!A:C, 3, FALSE) -> #N/A | I12: =G12*H12 -> #N/A
G13: =D13*E13*F13 -> 0 | H13: =VLOOKUP(C13, 'Drug Database'!A:C, 3, FALSE) -> #N/A | I13: =G13*H13 -> #N/A
G14: =D14*E14*F14 -> 0 | H14: =VLOOKUP(C14, 'Drug Database'!A:C, 3, FALSE) -> #N/A | I14: =G14*H14 -> #N/A
G15: =D15*E15*F15 -> 0 | H15: =VLOOKUP(C15, 'Drug Database'!A:C, 3, FALSE) -> #N/A | I15: =G15*H15 -> #N/A
G16: =D16*E16*F16 -> 0 | H16: =VLOOKUP(C16, 'Drug Database'!A:C, 3, FALSE) -> #N/A | I16: =G16*H16 -> #N/A
G17: =D17*E17*F17 -> 0 | H17: =VLOOKUP(C17, 'Drug Database'!A:C, 3, FALSE) -> #N/A | I17: =G17*H17 -> #N/A
G18: =D18*E18*F18 -> 0 | H18: =VLOOKUP(C18, 'Drug Database'!A:C, 3, FALSE) -> #N/A | I18: =G18*H18 -> #N/A
G19: =D19*E19*F19 -> 0 | H19: =VLOOKUP(C19, 'Drug Database'!A:C, 3, FALSE) -> #N/A | I19: =G19*H19 -> #N/A
G20: =D20*E20*F20 -> 0 | H20: =VLOOKUP(C20, 'Drug Database'!A:C, 3, FALSE) -> #N/A | I20: =G20*H20 -> #N/A
G21: =D21*E21*F21 -> 0 | H21: =VLOOKUP(C21, 'Drug Database'!A:C, 3, FALSE) -> #N/A | I21: =G21*H21 -> #N/A
H22: =VLOOKUP(C22, 'Drug Database'!A:C, 3, FALSE) -> #N/A | I22: =G22*H22 -> #N/A
H23: =VLOOKUP(C23, 'Drug Database'!A:C, 3, FALSE) -> #N/A | I23: =G23*H23 -> #N/A
H24: =VLOOKUP(C24, 'Drug Database'!A:C, 3, FALSE) -> #N/A | I24: =G24*H24 -> #N/A
H25: =VLOOKUP(C25, 'Drug Database'!A:C, 3, FALSE) -> #N/A | I25: =G25*H25 -> #N/A
H26: =VLOOKUP(C26, 'Drug Database'!A:C, 3, FALSE) -> #N/A | I26: =G26*H26 -> #N/A
H27: =VLOOKUP(C27, 'Drug Database'!A:C, 3, FALSE) -> #N/A | I27: =G27*H27 -> #N/A
H28: =VLOOKUP(C28, 'Drug Database'!A:C, 3, FALSE) -> #N/A | I28: =G28*H28 -> #N/A
H29: =VLOOKUP(C29, 'Drug Database'!A:C, 3, FALSE) -> #N/A | I29: =G29*H29 -> #N/A
H30: =VLOOKUP(C30, 'Drug Database'!A:C, 3, FALSE) -> #N/A | I30: =G30*H30 -> #N/A
H31: =VLOOKUP(C31, 'Drug Database'!A:C, 3, FALSE) -> #N/A | I31: =G31*H31 -> #N/A
H32: =VLOOKUP(C32, 'Drug Database'!A:C, 3, FALSE) -> #N/A | I32: =G32*H32 -> #N/A
H33: =VLOOKUP(C33, 'Drug Database'!A:C, 3, FALSE) -> #N/A | I33: =G33*H33 -> #N/A
H34: =VLOOKUP(C34, 'Drug Database'!A:C, 3, FALSE) -> #N/A | I34: =G34*H34 -> #N/A
H35: =VLOOKUP(C35, 'Drug Database'!A:C, 3, FALSE) -> #N/A
H36: =VLOOKUP(C36, 'Drug Database'!A:C, 3, FALSE) -> #N/A
H37: =VLOOKUP(C37, 'Drug Database'!A:C, 3, FALSE) -> #N/A
H38: =VLOOKUP(C38, 'Drug Database'!A:C, 3, FALSE) -> #N/A
H39: =VLOOKUP(C39, 'Drug Database'!A:C, 3, FALSE) -> #N/A

Sheet Drug Database
A1: Drug Database
A3: Drug Name | B3: Unit | C3: Unit Price (LKR)
A4: Category,Product Name,Size / Quantity,Price (LKR)
A5: Arishta,Abhayarishta,750ml,1810.00
A6: Arishta,Amurtharishta,750ml,1180.00
A7: Arishta,Arjunarishta,750ml,1690.00
A8: Arishta,Ashokarishta,750ml,1020.00
A9: Arishta,Ashwagandarishta,750ml,2750.00
A10: Arishta,Balarishta,750ml,1950.00
A11: Arishta,Danthyarishta,750ml,820.00
A12: Arishta,Dashamoolarishta,750ml,1780.00
A13: Arishta,Draksharishta,750ml,2570.00
A14: Arishta,Kadirarishta,750ml,2720.00
A15: Arishta,Musthakadyarishta,750ml,1030.00
... A265: Blister Pack,Chandraprabha Vati,30s,516.00

Sheet Daily Summary
A1: Daily Expenditure Summary
A3: Date | B3: Drug Name | C3: Total Quantity Expended | D3: Total Cost (LKR)
A4: 2026-07-07 | B4: Aswakantha Arista | C4: =SUMIF('Prescriptions Entry'!C:C, B4, 'Prescriptions Entry'!G:G) -> 450 | D4: =SUMIF('Prescriptions Entry'!C:C, B4, 'Prescriptions Entry'!I:I) -> #N/A
A5: 2026-07-08 | B5: Y.R.G | C5: =SUMIF('Prescriptions Entry'!C:C, B5, 'Prescriptions Entry'!G:G) -> 12 | D5: =SUMIF('Prescriptions Entry'!C:C, B5, 'Prescriptions Entry'!I:I) -> #N/A
A6: 2026-07-09 | B6: Aswakantha Arista | C6: =SUMIF('Prescriptions Entry'!C:C, B6, 'Prescriptions Entry'!G:G) -> 450 | D6: =SUMIF('Prescriptions Entry'!C:C, B6, 'Prescriptions Entry'!I:I) -> #N/A
A7: 2026-07-10 | B7: Aswakantha Arista | C7: =SUMIF('Prescriptions Entry'!C:C, B7, 'Prescriptions Entry'!G:G) -> 450 | D7: =SUMIF('Prescriptions Entry'!C:C, B7, 'Prescriptions Entry'!I:I) -> #N/A
A8: 2026-07-11 | B8: Aswakantha Arista | C8: =SUMIF('Prescriptions Entry'!C:C, B8, 'Prescriptions Entry'!G:G) -> 450 | D8: =SUMIF('Prescriptions Entry'!C:C, B8, 'Prescriptions Entry'!I:I) -> #N/A
A9: 2026-07-12 | B9: Aswakantha Arista | C9: =SUMIF('Prescriptions Entry'!C:C, B9, 'Prescriptions Entry'!G:G) -> 450 | D9: =SUMIF('Prescriptions Entry'!C:C, B9, 'Prescriptions Entry'!I:I) -> #N/A
A10: 2026-07-13 | B10: Aswakantha Arista | C10: =SUMIF('Prescriptions Entry'!C:C, B10, 'Prescriptions Entry'!G:G) -> 450 | D10: =SUMIF('Prescriptions Entry'!C:C, B10, 'Prescriptions Entry'!I:I) -> #N/A
A11: 2026-07-14 | B11: Aswakantha Arista | C11: =SUMIF('Prescriptions Entry'!C:C, B11, 'Prescriptions Entry'!G:G) -> 450 | D11: =SUMIF('Prescriptions Entry'!C:C, B11, 'Prescriptions Entry'!I:I) -> #N/A
A12: 2026-07-15 | B12: Aswakantha Arista | C12: =SUMIF('Prescriptions Entry'!C:C, B12, 'Prescriptions Entry'!G:G) -> 450 | D12: =SUMIF('Prescriptions Entry'!C:C, B12, 'Prescriptions Entry'!I:I) -> #N/A
A13: 2026-07-16 | B13: Aswakantha Arista | C13: =SUMIF('Prescriptions Entry'!C:C, B13, 'Prescriptions Entry'!G:G) -> 450 | D13: =SUMIF('Prescriptions Entry'!C:C, B13, 'Prescriptions Entry'!I:I) -> #N/A
A14: 2026-07-17 | B14: Aswakantha Arista | C14: =SUMIF('Prescriptions Entry'!C:C, B14, 'Prescriptions Entry'!G:G) -> 450 | D14: =SUMIF('Prescriptions Entry'!C:C, B14, 'Prescriptions Entry'!I:I) -> #N/A
A15: 2026-07-18 | B15: Aswakantha Arista | C15: =SUMIF('Prescriptions Entry'!C:C, B15, 'Prescriptions Entry'!G:G) -> 450 | D15: =SUMIF('Prescriptions Entry'!C:C, B15, 'Prescriptions Entry'!I:I) -> #N/A
A16: 2026-07-19 | B16: Aswakantha Arista | C16: =SUMIF('Prescriptions Entry'!C:C, B16, 'Prescriptions Entry'!G:G) -> 450 | D16: =SUMIF('Prescriptions Entry'!C:C, B16, 'Prescriptions Entry'!I:I) -> #N/A

Sheet Monthly summary 
A1: Sheet 4: Monthly Summary
A2: Month (YYYY-MM) | B2: Drug Name | C2: Total Qty Expended | D2: Total Cost (LKR)
A3: 46204 | B3: Aswakantha Arista | C3: =SUMIFS('Daily Prescriptions'!D:D -> #ERROR! | D3: Daily Prescriptions'!C:C
A4: 46204 | B4: Y.R.G | C4: =SUMIFS('Daily Prescriptions'!D:D -> #ERROR! | D4: Daily Prescriptions'!C:C
